id,alive,request,resolve,url,subdomain,level,cname,ip,public,cdn,port,status,reason,title,banner,cidr,asn,org,addr,isp,source
36,1,1,1,https://account.quoccabank.com,account.quoccabank.com,1,master.prod.quoccabank.com,13.236.65.216,1,0,443,200,OK,CTFProxy Single-Sign On,CTFProxy/1b1974a-dirty,13.236.0.0/14,AS16509,AMAZON-02,澳大利亚新南威尔士悉尼,亚马逊,Brute
38,1,1,1,http://account.quoccabank.com,account.quoccabank.com,1,master.prod.quoccabank.com,13.236.65.216,1,0,80,200,OK,CTFProxy Single-Sign On,CTFProxy/1b1974a-dirty,13.236.0.0/14,AS16509,AMAZON-02,澳大利亚新南威尔士悉尼,亚马逊,Brute
41,1,1,1,http://bfd.quoccabank.com,bfd.quoccabank.com,1,master.prod.quoccabank.com,13.236.65.216,1,0,80,200,OK,CTFProxy Single-Sign On,CTFProxy/1b1974a-dirty,13.236.0.0/14,AS16509,AMAZON-02,澳大利亚新南威尔士悉尼,亚马逊,Brute
58,1,1,1,https://bfd.quoccabank.com,bfd.quoccabank.com,1,master.prod.quoccabank.com,13.236.65.216,1,0,443,200,OK,CTFProxy Single-Sign On,CTFProxy/1b1974a-dirty,13.236.0.0/14,AS16509,AMAZON-02,澳大利亚新南威尔士悉尼,亚马逊,Brute
2,1,1,1,https://blog.quoccabank.com,blog.quoccabank.com,1,master.prod.quoccabank.com,13.236.65.216,1,0,443,200,OK,CTFProxy Single-Sign On,CTFProxy/1b1974a-dirty,13.236.0.0/14,AS16509,AMAZON-02,澳大利亚新南威尔士悉尼,亚马逊,Brute
25,1,1,1,http://blog.quoccabank.com,blog.quoccabank.com,1,master.prod.quoccabank.com,13.236.65.216,1,0,80,200,OK,CTFProxy Single-Sign On,CTFProxy/1b1974a-dirty,13.236.0.0/14,AS16509,AMAZON-02,澳大利亚新南威尔士悉尼,亚马逊,Brute
51,1,1,1,http://card.quoccabank.com,card.quoccabank.com,1,master.prod.quoccabank.com,13.236.65.216,1,0,80,200,OK,CTFProxy Single-Sign On,CTFProxy/1b1974a-dirty,13.236.0.0/14,AS16509,AMAZON-02,澳大利亚新南威尔士悉尼,亚马逊,Brute
60,1,1,1,https://card.quoccabank.com,card.quoccabank.com,1,master.prod.quoccabank.com,13.236.65.216,1,0,443,200,OK,CTFProxy Single-Sign On,CTFProxy/1b1974a-dirty,13.236.0.0/14,AS16509,AMAZON-02,澳大利亚新南威尔士悉尼,亚马逊,Brute
5,1,1,1,https://careers.quoccabank.com,careers.quoccabank.com,1,master.prod.quoccabank.com,13.236.65.216,1,0,443,200,OK,CTFProxy Single-Sign On,CTFProxy/1b1974a-dirty,13.236.0.0/14,AS16509,AMAZON-02,澳大利亚新南威尔士悉尼,亚马逊,Brute
46,1,1,1,http://careers.quoccabank.com,careers.quoccabank.com,1,master.prod.quoccabank.com,13.236.65.216,1,0,80,200,OK,CTFProxy Single-Sign On,CTFProxy/1b1974a-dirty,13.236.0.0/14,AS16509,AMAZON-02,澳大利亚新南威尔士悉尼,亚马逊,Brute
20,1,1,1,http://cookies.quoccabank.com,cookies.quoccabank.com,1,master.prod.quoccabank.com,13.236.65.216,1,0,80,200,OK,CTFProxy Single-Sign On,CTFProxy/1b1974a-dirty,13.236.0.0/14,AS16509,AMAZON-02,澳大利亚新南威尔士悉尼,亚马逊,Brute
27,1,1,1,https://cookies.quoccabank.com,cookies.quoccabank.com,1,master.prod.quoccabank.com,13.236.65.216,1,0,443,200,OK,CTFProxy Single-Sign On,CTFProxy/1b1974a-dirty,13.236.0.0/14,AS16509,AMAZON-02,澳大利亚新南威尔士悉尼,亚马逊,Brute
3,1,1,1,https://creditcard.quoccabank.com,creditcard.quoccabank.com,1,master.prod.quoccabank.com,13.236.65.216,1,0,443,200,OK,CTFProxy Single-Sign On,CTFProxy/1b1974a-dirty,13.236.0.0/14,AS16509,AMAZON-02,澳大利亚新南威尔士悉尼,亚马逊,Brute
15,1,1,1,http://creditcard.quoccabank.com,creditcard.quoccabank.com,1,master.prod.quoccabank.com,13.236.65.216,1,0,80,200,OK,CTFProxy Single-Sign On,CTFProxy/1b1974a-dirty,13.236.0.0/14,AS16509,AMAZON-02,澳大利亚新南威尔士悉尼,亚马逊,Brute
35,1,1,1,http://csp.quoccabank.com,csp.quoccabank.com,1,master.prod.quoccabank.com,13.236.65.216,1,0,80,200,OK,CTFProxy Single-Sign On,CTFProxy/1b1974a-dirty,13.236.0.0/14,AS16509,AMAZON-02,澳大利亚新南威尔士悉尼,亚马逊,Brute
39,1,1,1,https://csp.quoccabank.com,csp.quoccabank.com,1,master.prod.quoccabank.com,13.236.65.216,1,0,443,200,OK,CTFProxy Single-Sign On,CTFProxy/1b1974a-dirty,13.236.0.0/14,AS16509,AMAZON-02,澳大利亚新南威尔士悉尼,亚马逊,Brute
1,0,1,1,https://docs.quoccabank.com,docs.quoccabank.com,1,master.prod.quoccabank.com,13.236.65.216,1,0,443,400,Bad Request,CTFProxy: Error 400,CTFProxy/1b1974a-dirty,13.236.0.0/14,AS16509,AMAZON-02,澳大利亚新南威尔士悉尼,亚马逊,Brute
31,0,1,1,http://docs.quoccabank.com,docs.quoccabank.com,1,master.prod.quoccabank.com,13.236.65.216,1,0,80,400,Bad Request,CTFProxy: Error 400,CTFProxy/1b1974a-dirty,13.236.0.0/14,AS16509,AMAZON-02,澳大利亚新南威尔士悉尼,亚马逊,Brute
8,1,1,1,http://elasticsearch.quoccabank.com,elasticsearch.quoccabank.com,1,master.prod.quoccabank.com,13.236.65.216,1,0,80,200,OK,CTFProxy Single-Sign On,CTFProxy/1b1974a-dirty,13.236.0.0/14,AS16509,AMAZON-02,澳大利亚新南威尔士悉尼,亚马逊,Brute
9,1,1,1,https://elasticsearch.quoccabank.com,elasticsearch.quoccabank.com,1,master.prod.quoccabank.com,13.236.65.216,1,0,443,200,OK,CTFProxy Single-Sign On,CTFProxy/1b1974a-dirty,13.236.0.0/14,AS16509,AMAZON-02,澳大利亚新南威尔士悉尼,亚马逊,Brute
29,1,1,1,https://example.quoccabank.com,example.quoccabank.com,1,master.prod.quoccabank.com,13.236.65.216,1,0,443,200,OK,CTFProxy Single-Sign On,CTFProxy/1b1974a-dirty,13.236.0.0/14,AS16509,AMAZON-02,澳大利亚新南威尔士悉尼,亚马逊,Brute
56,1,1,1,http://example.quoccabank.com,example.quoccabank.com,1,master.prod.quoccabank.com,13.236.65.216,1,0,80,200,OK,CTFProxy Single-Sign On,CTFProxy/1b1974a-dirty,13.236.0.0/14,AS16509,AMAZON-02,澳大利亚新南威尔士悉尼,亚马逊,Brute
50,1,1,1,https://files.quoccabank.com,files.quoccabank.com,1,master.prod.quoccabank.com,13.236.65.216,1,0,443,200,OK,CTFProxy Single-Sign On,CTFProxy/1b1974a-dirty,13.236.0.0/14,AS16509,AMAZON-02,澳大利亚新南威尔士悉尼,亚马逊,Brute
59,1,1,1,http://files.quoccabank.com,files.quoccabank.com,1,master.prod.quoccabank.com,13.236.65.216,1,0,80,200,OK,CTFProxy Single-Sign On,CTFProxy/1b1974a-dirty,13.236.0.0/14,AS16509,AMAZON-02,澳大利亚新南威尔士悉尼,亚马逊,Brute
13,1,1,1,http://gaia.quoccabank.com,gaia.quoccabank.com,1,master.prod.quoccabank.com,13.236.65.216,1,0,80,200,OK,CTFProxy Single-Sign On,CTFProxy/1b1974a-dirty,13.236.0.0/14,AS16509,AMAZON-02,澳大利亚新南威尔士悉尼,亚马逊,Brute
57,1,1,1,https://gaia.quoccabank.com,gaia.quoccabank.com,1,master.prod.quoccabank.com,13.236.65.216,1,0,443,200,OK,CTFProxy Single-Sign On,CTFProxy/1b1974a-dirty,13.236.0.0/14,AS16509,AMAZON-02,澳大利亚新南威尔士悉尼,亚马逊,Brute
61,1,1,1,http://gcc.quoccabank.com,gcc.quoccabank.com,1,master.prod.quoccabank.com,13.236.65.216,1,0,80,200,OK,CTFProxy Single-Sign On,CTFProxy/1b1974a-dirty,13.236.0.0/14,AS16509,AMAZON-02,澳大利亚新南威尔士悉尼,亚马逊,Brute
64,1,1,1,https://gcc.quoccabank.com,gcc.quoccabank.com,1,master.prod.quoccabank.com,13.236.65.216,1,0,443,200,OK,CTFProxy Single-Sign On,CTFProxy/1b1974a-dirty,13.236.0.0/14,AS16509,AMAZON-02,澳大利亚新南威尔士悉尼,亚马逊,Brute
23,1,1,1,https://haas.quoccabank.com,haas.quoccabank.com,1,master.prod.quoccabank.com,13.236.65.216,1,0,443,200,OK,CTFProxy Single-Sign On,CTFProxy/1b1974a-dirty,13.236.0.0/14,AS16509,AMAZON-02,澳大利亚新南威尔士悉尼,亚马逊,Brute
43,1,1,1,http://haas.quoccabank.com,haas.quoccabank.com,1,master.prod.quoccabank.com,13.236.65.216,1,0,80,200,OK,CTFProxy Single-Sign On,CTFProxy/1b1974a-dirty,13.236.0.0/14,AS16509,AMAZON-02,澳大利亚新南威尔士悉尼,亚马逊,Brute
6,1,1,1,https://kibana.quoccabank.com,kibana.quoccabank.com,1,master.prod.quoccabank.com,13.236.65.216,1,0,443,200,OK,CTFProxy Single-Sign On,CTFProxy/1b1974a-dirty,13.236.0.0/14,AS16509,AMAZON-02,澳大利亚新南威尔士悉尼,亚马逊,Brute
63,1,1,1,http://kibana.quoccabank.com,kibana.quoccabank.com,1,master.prod.quoccabank.com,13.236.65.216,1,0,80,200,OK,CTFProxy Single-Sign On,CTFProxy/1b1974a-dirty,13.236.0.0/14,AS16509,AMAZON-02,澳大利亚新南威尔士悉尼,亚马逊,Brute
17,1,1,1,http://login.quoccabank.com,login.quoccabank.com,1,master.prod.quoccabank.com,13.236.65.216,1,0,80,200,OK,CTFProxy Single-Sign On,CTFProxy/1b1974a-dirty,13.236.0.0/14,AS16509,AMAZON-02,澳大利亚新南威尔士悉尼,亚马逊,Brute
18,1,1,1,https://login.quoccabank.com,login.quoccabank.com,1,master.prod.quoccabank.com,13.236.65.216,1,0,443,200,OK,CTFProxy Single-Sign On,CTFProxy/1b1974a-dirty,13.236.0.0/14,AS16509,AMAZON-02,澳大利亚新南威尔士悉尼,亚马逊,Brute
4,1,1,1,https://m.quoccabank.com,m.quoccabank.com,1,master.prod.quoccabank.com,13.236.65.216,1,0,443,200,OK,CTFProxy Single-Sign On,CTFProxy/1b1974a-dirty,13.236.0.0/14,AS16509,AMAZON-02,澳大利亚新南威尔士悉尼,亚马逊,Brute
33,1,1,1,http://m.quoccabank.com,m.quoccabank.com,1,master.prod.quoccabank.com,13.236.65.216,1,0,80,200,OK,CTFProxy Single-Sign On,CTFProxy/1b1974a-dirty,13.236.0.0/14,AS16509,AMAZON-02,澳大利亚新南威尔士悉尼,亚马逊,Brute
28,1,1,1,https://pds.quoccabank.com,pds.quoccabank.com,1,master.prod.quoccabank.com,13.236.65.216,1,0,443,200,OK,CTFProxy Single-Sign On,CTFProxy/1b1974a-dirty,13.236.0.0/14,AS16509,AMAZON-02,澳大利亚新南威尔士悉尼,亚马逊,Brute
65,1,1,1,http://pds.quoccabank.com,pds.quoccabank.com,1,master.prod.quoccabank.com,13.236.65.216,1,0,80,200,OK,CTFProxy Single-Sign On,CTFProxy/1b1974a-dirty,13.236.0.0/14,AS16509,AMAZON-02,澳大利亚新南威尔士悉尼,亚马逊,Brute
7,1,1,1,https://products.quoccabank.com,products.quoccabank.com,1,master.prod.quoccabank.com,13.236.65.216,1,0,443,200,OK,CTFProxy Single-Sign On,CTFProxy/1b1974a-dirty,13.236.0.0/14,AS16509,AMAZON-02,澳大利亚新南威尔士悉尼,亚马逊,Brute
24,1,1,1,http://products.quoccabank.com,products.quoccabank.com,1,master.prod.quoccabank.com,13.236.65.216,1,0,80,200,OK,CTFProxy Single-Sign On,CTFProxy/1b1974a-dirty,13.236.0.0/14,AS16509,AMAZON-02,澳大利亚新南威尔士悉尼,亚马逊,Brute
49,1,1,1,http://profile.quoccabank.com,profile.quoccabank.com,1,master.prod.quoccabank.com,13.236.65.216,1,0,80,200,OK,CTFProxy Single-Sign On,CTFProxy/1b1974a-dirty,13.236.0.0/14,AS16509,AMAZON-02,澳大利亚新南威尔士悉尼,亚马逊,Brute
52,1,1,1,https://profile.quoccabank.com,profile.quoccabank.com,1,master.prod.quoccabank.com,13.236.65.216,1,0,443,200,OK,CTFProxy Single-Sign On,CTFProxy/1b1974a-dirty,13.236.0.0/14,AS16509,AMAZON-02,澳大利亚新南威尔士悉尼,亚马逊,Brute
22,1,1,1,https://qos.quoccabank.com,qos.quoccabank.com,1,master.prod.quoccabank.com,13.236.65.216,1,0,443,200,OK,CTFProxy Single-Sign On,CTFProxy/1b1974a-dirty,13.236.0.0/14,AS16509,AMAZON-02,澳大利亚新南威尔士悉尼,亚马逊,Brute
42,1,1,1,http://qos.quoccabank.com,qos.quoccabank.com,1,master.prod.quoccabank.com,13.236.65.216,1,0,80,200,OK,CTFProxy Single-Sign On,CTFProxy/1b1974a-dirty,13.236.0.0/14,AS16509,AMAZON-02,澳大利亚新南威尔士悉尼,亚马逊,Brute
30,1,1,1,https://report.quoccabank.com,report.quoccabank.com,1,master.prod.quoccabank.com,13.236.65.216,1,0,443,200,OK,CTFProxy Single-Sign On,CTFProxy/1b1974a-dirty,13.236.0.0/14,AS16509,AMAZON-02,澳大利亚新南威尔士悉尼,亚马逊,Brute
40,1,1,1,http://report.quoccabank.com,report.quoccabank.com,1,master.prod.quoccabank.com,13.236.65.216,1,0,80,200,OK,CTFProxy Single-Sign On,CTFProxy/1b1974a-dirty,13.236.0.0/14,AS16509,AMAZON-02,澳大利亚新南威尔士悉尼,亚马逊,Brute
14,1,1,1,https://sales.quoccabank.com,sales.quoccabank.com,1,master.prod.quoccabank.com,13.236.65.216,1,0,443,200,OK,CTFProxy Single-Sign On,CTFProxy/1b1974a-dirty,13.236.0.0/14,AS16509,AMAZON-02,澳大利亚新南威尔士悉尼,亚马逊,Brute
47,1,1,1,http://sales.quoccabank.com,sales.quoccabank.com,1,master.prod.quoccabank.com,13.236.65.216,1,0,80,200,OK,CTFProxy Single-Sign On,CTFProxy/1b1974a-dirty,13.236.0.0/14,AS16509,AMAZON-02,澳大利亚新南威尔士悉尼,亚马逊,Brute
11,1,1,1,http://signin.quoccabank.com,signin.quoccabank.com,1,master.prod.quoccabank.com,13.236.65.216,1,0,80,200,OK,CTFProxy Single-Sign On,CTFProxy/1b1974a-dirty,13.236.0.0/14,AS16509,AMAZON-02,澳大利亚新南威尔士悉尼,亚马逊,Brute
44,1,1,1,https://signin.quoccabank.com,signin.quoccabank.com,1,master.prod.quoccabank.com,13.236.65.216,1,0,443,200,OK,CTFProxy Single-Sign On,CTFProxy/1b1974a-dirty,13.236.0.0/14,AS16509,AMAZON-02,澳大利亚新南威尔士悉尼,亚马逊,Brute
54,1,1,1,http://store.quoccabank.com,store.quoccabank.com,1,master.prod.quoccabank.com,13.236.65.216,1,0,80,200,OK,CTFProxy Single-Sign On,CTFProxy/1b1974a-dirty,13.236.0.0/14,AS16509,AMAZON-02,澳大利亚新南威尔士悉尼,亚马逊,Brute
55,1,1,1,https://store.quoccabank.com,store.quoccabank.com,1,master.prod.quoccabank.com,13.236.65.216,1,0,443,200,OK,CTFProxy Single-Sign On,CTFProxy/1b1974a-dirty,13.236.0.0/14,AS16509,AMAZON-02,澳大利亚新南威尔士悉尼,亚马逊,Brute
34,1,1,1,https://support.quoccabank.com,support.quoccabank.com,1,master.prod.quoccabank.com,13.236.65.216,1,0,443,200,OK,CTFProxy Single-Sign On,CTFProxy/1b1974a-dirty,13.236.0.0/14,AS16509,AMAZON-02,澳大利亚新南威尔士悉尼,亚马逊,Brute
53,1,1,1,http://support.quoccabank.com,support.quoccabank.com,1,master.prod.quoccabank.com,13.236.65.216,1,0,80,200,OK,CTFProxy Single-Sign On,CTFProxy/1b1974a-dirty,13.236.0.0/14,AS16509,AMAZON-02,澳大利亚新南威尔士悉尼,亚马逊,Brute
32,1,1,1,https://test.quoccabank.com,test.quoccabank.com,1,master.prod.quoccabank.com,13.236.65.216,1,0,443,200,OK,CTFProxy Single-Sign On,CTFProxy/1b1974a-dirty,13.236.0.0/14,AS16509,AMAZON-02,澳大利亚新南威尔士悉尼,亚马逊,Brute
37,1,1,1,http://test.quoccabank.com,test.quoccabank.com,1,master.prod.quoccabank.com,13.236.65.216,1,0,80,200,OK,CTFProxy Single-Sign On,CTFProxy/1b1974a-dirty,13.236.0.0/14,AS16509,AMAZON-02,澳大利亚新南威尔士悉尼,亚马逊,Brute
16,1,1,1,http://wallet.quoccabank.com,wallet.quoccabank.com,1,master.prod.quoccabank.com,13.236.65.216,1,0,80,200,OK,CTFProxy Single-Sign On,CTFProxy/1b1974a-dirty,13.236.0.0/14,AS16509,AMAZON-02,澳大利亚新南威尔士悉尼,亚马逊,Brute
66,1,1,1,https://wallet.quoccabank.com,wallet.quoccabank.com,1,master.prod.quoccabank.com,13.236.65.216,1,0,443,200,OK,CTFProxy Single-Sign On,CTFProxy/1b1974a-dirty,13.236.0.0/14,AS16509,AMAZON-02,澳大利亚新南威尔士悉尼,亚马逊,Brute
12,1,1,1,http://welcome.quoccabank.com,welcome.quoccabank.com,1,master.prod.quoccabank.com,13.236.65.216,1,0,80,200,OK,CTFProxy Single-Sign On,CTFProxy/1b1974a-dirty,13.236.0.0/14,AS16509,AMAZON-02,澳大利亚新南威尔士悉尼,亚马逊,Brute
26,1,1,1,https://welcome.quoccabank.com,welcome.quoccabank.com,1,master.prod.quoccabank.com,13.236.65.216,1,0,443,200,OK,CTFProxy Single-Sign On,CTFProxy/1b1974a-dirty,13.236.0.0/14,AS16509,AMAZON-02,澳大利亚新南威尔士悉尼,亚马逊,Brute
10,1,1,1,https://www-cdn.quoccabank.com,www-cdn.quoccabank.com,1,master.prod.quoccabank.com,13.236.65.216,1,0,443,200,OK,CTFProxy Single-Sign On,CTFProxy/1b1974a-dirty,13.236.0.0/14,AS16509,AMAZON-02,澳大利亚新南威尔士悉尼,亚马逊,Brute
21,1,1,1,http://www-cdn.quoccabank.com,www-cdn.quoccabank.com,1,master.prod.quoccabank.com,13.236.65.216,1,0,80,200,OK,CTFProxy Single-Sign On,CTFProxy/1b1974a-dirty,13.236.0.0/14,AS16509,AMAZON-02,澳大利亚新南威尔士悉尼,亚马逊,Brute
19,1,1,1,http://www-dev.quoccabank.com,www-dev.quoccabank.com,1,master.prod.quoccabank.com,13.236.65.216,1,0,80,200,OK,CTFProxy Single-Sign On,CTFProxy/1b1974a-dirty,13.236.0.0/14,AS16509,AMAZON-02,澳大利亚新南威尔士悉尼,亚马逊,Brute
62,1,1,1,https://www-dev.quoccabank.com,www-dev.quoccabank.com,1,master.prod.quoccabank.com,13.236.65.216,1,0,443,200,OK,CTFProxy Single-Sign On,CTFProxy/1b1974a-dirty,13.236.0.0/14,AS16509,AMAZON-02,澳大利亚新南威尔士悉尼,亚马逊,Brute
45,1,1,1,https://www-staging.quoccabank.com,www-staging.quoccabank.com,1,master.prod.quoccabank.com,13.236.65.216,1,0,443,200,OK,CTFProxy Single-Sign On,CTFProxy/1b1974a-dirty,13.236.0.0/14,AS16509,AMAZON-02,澳大利亚新南威尔士悉尼,亚马逊,Brute
48,1,1,1,http://www-staging.quoccabank.com,www-staging.quoccabank.com,1,master.prod.quoccabank.com,13.236.65.216,1,0,80,200,OK,CTFProxy Single-Sign On,CTFProxy/1b1974a-dirty,13.236.0.0/14,AS16509,AMAZON-02,澳大利亚新南威尔士悉尼,亚马逊,Brute
